{

    "RMR" : 1871.1100000000001,
    "PAL" : 1.3,
    "prop_pi" : 1,
    "subscribedExercise" : 393.8296494047619,
    "subscribedResistance" : 0.0,
    "subscribedCardio" : 393.8296494047619,
    "caloricMaintenanceAfterWorkouts" : 2826.272649404762,

    "NutrientSEM" : {

    },
    "CalorieDifferenceSEM" : {

    }
}